,flux
2014/1/4,181.25323
2014/1/5,198.79308
2014/1/6,217.15193
2014/1/7,193.10979
2014/1/8,211.86093
2014/1/9,178.98112
2014/1/10,182.15977
2014/1/11,165.64914
2014/1/12,157.39447
2014/1/13,146.41742
2014/1/14,135.88159
2014/1/15,130.27556
2014/1/16,119.16618
2014/1/17,115.06705
2014/1/18,124.85846
2014/1/19,127.54317
2014/1/20,125.20975
2014/1/21,139.97984
2014/1/22,148.98161
2014/1/23,140.95627
2014/1/24,130.7485
2014/1/25,131.4926
2014/1/26,129.85014
2014/1/27,136.75461
2014/1/28,141.59952
2014/1/29,159.01883
2014/1/30,158.59456
2014/1/31,161.88121
2014/2/1,167.91779
2014/2/2,176.81569
2014/2/3,194.98119
2014/2/4,186.41321
2014/2/5,191.57736
2014/2/6,190.31172
2014/2/7,185.97002
2014/2/8,170.57756
2014/2/9,161.6078
2014/2/10,164.67459
2014/2/11,155.52608
2014/2/12,169.91368
2014/2/13,158.34023
2014/2/14,160.68451
2014/2/15,157.5594
2014/2/16,157.52985
2014/2/17,148.45326
2014/2/18,150.54843
2014/2/19,150.0961
2014/2/20,155.41103
2014/2/21,154.61197
2014/2/22,154.77171
2014/2/23,163.71722
2014/2/24,172.69714
2014/2/25,168.92532
2014/2/26,173.06917
2014/2/27,181.35745
2014/2/28,175.74495
2014/3/1,165.61366
2014/3/2,160.43932
2014/3/3,162.02177
2014/3/4,161.81328
2014/3/5,154.77682
2014/3/6,145.67943
2014/3/7,145.68735
2014/3/8,145.0563
2014/3/9,139.97401
2014/3/10,144.61574
2014/3/11,159.19345
2014/3/12,165.6911
2014/3/13,154.8654
2014/3/14,140.56688
2014/3/15,141.59962
2014/3/16,138.89424
2014/3/17,135.19676
2014/3/18,136.71786
2014/3/19,143.10919
2014/3/20,150.78218
2014/3/21,154.68794
2014/3/22,152.8645
2014/3/23,157.09543
2014/3/24,159.92387
2014/3/25,159.6791
2014/3/26,151.75166
2014/3/27,152.89645
2014/3/28,144.41422
2014/3/29,146.4139
2014/3/30,145.63448
2014/3/31,152.21349
2014/4/1,157.45047
2014/4/2,153.7608
2014/4/3,160.812
2014/4/4,154.63557
2014/4/5,157.78076
2014/4/6,140.1564
2014/4/7,138.61218
2014/4/8,140.07033
2014/4/9,130.80286
2014/4/10,131.03456
2014/4/11,140.99347
2014/4/12,140.23874
2014/4/13,138.93987
2014/4/14,139.89261
2014/4/15,156.95657
2014/4/16,171.61743
2014/4/17,187.58316
2014/4/18,190.62122
2014/4/19,171.46649
2014/4/20,168.7454
2014/4/21,161.15446
2014/4/22,155.32698
2014/4/23,146.31526
2014/4/24,133.21135
2014/4/25,129.10828
2014/4/26,124.39751
2014/4/27,121.15425
2014/4/28,119.63161
2014/4/29,124.74008
2014/4/30,126.15909
2014/5/1,127.45305
2014/5/2,129.8888
2014/5/3,143.6552
2014/5/4,138.14484
2014/5/5,134.66287
2014/5/6,143.56801
2014/5/7,146.89256
2014/5/8,151.57047
2014/5/9,154.87846
2014/5/10,157.43166
2014/5/11,159.64723
2014/5/12,172.34642
2014/5/13,167.23395
2014/5/14,166.66646
2014/5/15,169.4635
2014/5/16,152.49478
2014/5/17,137.55798
2014/5/18,133.72743
2014/5/19,128.98544
2014/5/20,117.12814
2014/5/21,119.97734
2014/5/22,116.73712
2014/5/23,115.33142
2014/5/24,122.24246
2014/5/25,128.18513
2014/5/26,116.418304
2014/5/27,110.755356
2014/5/28,106.837006
2014/5/29,101.24625
2014/5/30,106.408745
2014/5/31,106.09181
2014/6/1,109.38423
2014/6/2,107.98174
2014/6/3,110.458145
2014/6/4,111.65918
2014/6/5,109.96706
2014/6/6,117.333786
2014/6/7,144.45319
2014/6/8,148.78621
2014/6/9,160.46745
2014/6/10,175.05003
2014/6/11,178.69852
2014/6/12,178.51822
2014/6/13,195.32571
2014/6/14,153.50612
2014/6/15,142.84932
2014/6/16,131.51338
2014/6/17,115.86745
2014/6/18,114.96602
2014/6/19,113.84271
2014/6/20,110.590965
2014/6/21,104.25157
2014/6/22,102.44664
2014/6/23,97.143936
2014/6/24,95.60793
2014/6/25,98.55675
2014/6/26,103.78151
2014/6/27,106.76793
2014/6/28,111.496414
2014/6/29,124.46744
2014/6/30,137.42207
2014/7/1,154.169
2014/7/2,168.66605
2014/7/3,183.68253
2014/7/4,192.40004
2014/7/5,204.86249
2014/7/6,208.11273
2014/7/7,211.5151
2014/7/8,206.93896
2014/7/9,211.49425
2014/7/10,200.13464
2014/7/11,181.4308
2014/7/12,166.42126
2014/7/13,144.82697
2014/7/14,126.6694
2014/7/15,109.51778
2014/7/16,100.55592
2014/7/17,93.70413
2014/7/18,90.06963
2014/7/19,92.34719
2014/7/20,89.309494
2014/7/21,91.64136
2014/7/22,95.31741
2014/7/23,98.7213
2014/7/24,106.129745
2014/7/25,112.18322
2014/7/26,113.08398
2014/7/27,125.47797
2014/7/28,130.79626
2014/7/29,141.91881
2014/7/30,153.8342
2014/7/31,165.14116
2014/8/1,166.56506
2014/8/2,172.79472
2014/8/3,160.74156
2014/8/4,152.0345
2014/8/5,141.24965
2014/8/6,140.63367
2014/8/7,141.27127
2014/8/8,142.37305
2014/8/9,124.70007
2014/8/10,112.668
2014/8/11,108.70323
2014/8/12,107.02061
2014/8/13,107.25016
2014/8/14,105.96991
2014/8/15,107.51362
2014/8/16,119.07344
2014/8/17,118.005035
2014/8/18,118.87207
2014/8/19,114.68588
2014/8/20,112.553696
2014/8/21,124.780685
2014/8/22,138.00403
2014/8/23,132.05746
2014/8/24,137.78535
2014/8/25,147.81192
2014/8/26,147.66335
2014/8/27,129.5711
2014/8/28,122.28281
2014/8/29,120.86812
2014/8/30,125.15936
2014/8/31,128.99324
2014/9/1,131.24243
2014/9/2,129.41812
2014/9/3,141.80742
2014/9/4,144.51428
2014/9/5,153.54776
2014/9/6,150.421
2014/9/7,163.70425
2014/9/8,161.75934
2014/9/9,169.13869
2014/9/10,162.93442
2014/9/11,172.69087
2014/9/12,151.9912
2014/9/13,150.255
2014/9/14,147.0593
2014/9/15,141.22101
2014/9/16,131.299
2014/9/17,133.5312
2014/9/18,129.48532
2014/9/19,119.95543
2014/9/20,120.06331
2014/9/21,120.845505
2014/9/22,128.35406
2014/9/23,140.98112
2014/9/24,145.55312
2014/9/25,148.88745
2014/9/26,176.34424
2014/9/27,179.06268
2014/9/28,183.51338
2014/9/29,186.62617
2014/9/30,173.44827
2014/10/1,157.93445
2014/10/2,152.67342
2014/10/3,146.24075
2014/10/4,132.97581
2014/10/5,123.75635
2014/10/6,129.74918
2014/10/7,133.41202
2014/10/8,123.748566
2014/10/9,127.569885
2014/10/10,118.89296
2014/10/11,122.92262
2014/10/12,109.75287
2014/10/13,108.91449
2014/10/14,114.3907
2014/10/15,139.5872
2014/10/16,128.50436
2014/10/17,142.00311
2014/10/18,153.426
2014/10/19,173.83453
2014/10/20,181.6442
2014/10/21,205.31561
2014/10/22,200.36215
2014/10/23,210.76247
2014/10/24,221.49525
2014/10/25,240.1674
2014/10/26,233.07697
2014/10/27,194.54062
2014/10/28,179.87448
2014/10/29,162.34047
2014/10/30,142.89847
2014/10/31,129.69235
2014/11/1,114.46341
2014/11/2,115.82431
2014/11/3,124.93817
2014/11/4,125.94972
2014/11/5,131.20573
2014/11/6,142.61598
2014/11/7,138.73773
2014/11/8,157.82875
2014/11/9,131.35887
2014/11/10,130.29732
2014/11/11,135.29497
2014/11/12,143.97382
2014/11/13,153.07782
2014/11/14,155.33873
2014/11/15,162.16423
2014/11/16,160.1566
2014/11/17,180.8902
2014/11/18,165.11261
2014/11/19,165.42104
2014/11/20,168.37654
2014/11/21,166.37886
2014/11/22,158.18878
2014/11/23,164.09111
2014/11/24,171.70999
2014/11/25,155.93173
2014/11/26,165.5698
2014/11/27,169.80722
2014/11/28,177.85
2014/11/29,181.1028
2014/11/30,173.72098
2014/12/1,173.86763
2014/12/2,160.24684
2014/12/3,166.02327
2014/12/4,147.59572
2014/12/5,143.59059
2014/12/6,129.45634
2014/12/7,121.68207
2014/12/8,129.213
2014/12/9,132.69322
2014/12/10,140.82263
2014/12/11,150.6
2014/12/12,145.54634
2014/12/13,153.30096
2014/12/14,160.48616
2014/12/15,163.31139
2014/12/16,169.78532
2014/12/17,184.44698
2014/12/18,197.53792
2014/12/19,220.2436
2014/12/20,210.19951
2014/12/21,189.67119
2014/12/22,192.51027
2014/12/23,169.2951
2014/12/24,155.70087
2014/12/25,141.15506
2014/12/26,135.25003
2014/12/27,133.58018
2014/12/28,127.444824
2014/12/29,128.88661
2014/12/30,128.67467
2014/12/31,127.51987
2015/1/1,132.13655
2015/1/2,136.11946
2015/1/3,146.50092
2015/1/4,150.16997
2015/1/5,148.66937
2015/1/6,144.70033
2015/1/7,139.7316
2015/1/8,143.85881
2015/1/9,157.03743
2015/1/10,149.01094
2015/1/11,146.86446
2015/1/12,151.43196
2015/1/13,156.48993
2015/1/14,144.79686
2015/1/15,133.5409
2015/1/16,124.86569
2015/1/17,119.45155
2015/1/18,117.174515
2015/1/19,124.54703
2015/1/20,128.48518
2015/1/21,122.93834
2015/1/22,120.38841
2015/1/23,116.38226
2015/1/24,119.49257
2015/1/25,124.792114
2015/1/26,125.41528
2015/1/27,150.63411
2015/1/28,160.08725
2015/1/29,158.59427
2015/1/30,170.25822
2015/1/31,156.15321
2015/2/1,147.16805
2015/2/2,137.90236
2015/2/3,139.30077
2015/2/4,147.66844
2015/2/5,150.28386
2015/2/6,136.74069
2015/2/7,139.99457
2015/2/8,152.14235
2015/2/9,152.78339
2015/2/10,140.45407
2015/2/11,135.97324
2015/2/12,125.858765
2015/2/13,122.96008
2015/2/14,121.40756
2015/2/15,116.858536
2015/2/16,117.13382
2015/2/17,116.8629
2015/2/18,117.14723
2015/2/19,121.03946
2015/2/20,118.13995
2015/2/21,118.14528
2015/2/22,111.91097
2015/2/23,117.28145
2015/2/24,116.48912
2015/2/25,112.64811
2015/2/26,108.96503
2015/2/27,111.03371
2015/2/28,120.843124
2015/3/1,127.82692
2015/3/2,130.34393
2015/3/3,130.02411
2015/3/4,123.40758
2015/3/5,121.37404
2015/3/6,134.98795
2015/3/7,128.73058
2015/3/8,154.25093
2015/3/9,120.35669
2015/3/10,119.07469
2015/3/11,121.006256
2015/3/12,140.40707
2015/3/13,127.54021
2015/3/14,118.44226
2015/3/15,113.55533
2015/3/16,116.93175
2015/3/17,118.134125
2015/3/18,114.45024
2015/3/19,116.17427
2015/3/20,107.50861
2015/3/21,112.709984
2015/3/22,116.02452
2015/3/23,125.0329
2015/3/24,133.34654
2015/3/25,137.49883
2015/3/26,144.16876
2015/3/27,136.8019
2015/3/28,137.24277
2015/3/29,149.54948
2015/3/30,144.92833
2015/3/31,132.24287
2015/4/1,125.46864
2015/4/2,122.32271
2015/4/3,122.320694
2015/4/4,120.79791
2015/4/5,127.26648
2015/4/6,124.249435
2015/4/7,121.078995
2015/4/8,110.75537
2015/4/9,105.6382
2015/4/10,113.0883
2015/4/11,118.82059
2015/4/12,130.02455
2015/4/13,141.10245
2015/4/14,147.67952
2015/4/15,154.91899
2015/4/16,158.54007
2015/4/17,153.08319
2015/4/18,152.96216
2015/4/19,152.31708
2015/4/20,154.91756
2015/4/21,152.11105
2015/4/22,158.62325
2015/4/23,151.31615
2015/4/24,140.53308
2015/4/25,132.75627
2015/4/26,125.306946
2015/4/27,118.39966
2015/4/28,106.35821
2015/4/29,108.37728
2015/4/30,106.52121
2015/5/1,103.593735
2015/5/2,102.11847
2015/5/3,111.184555
2015/5/4,117.36618
2015/5/5,128.94383
2015/5/6,138.48372
2015/5/7,146.2377
2015/5/8,154.61975
2015/5/9,156.65225
2015/5/10,160.96005
2015/5/11,168.57462
2015/5/12,169.90877
2015/5/13,166.17151
2015/5/14,161.9182
2015/5/15,146.0857
2015/5/16,137.19914
2015/5/17,131.2701
2015/5/18,119.65477
2015/5/19,116.47934
2015/5/20,111.75975
2015/5/21,106.12399
2015/5/22,103.73691
2015/5/23,102.14494
2015/5/24,101.461266
2015/5/25,102.390396
2015/5/26,99.426346
2015/5/27,98.800705
2015/5/28,98.26839
2015/5/29,96.60785
2015/5/30,95.48024
2015/5/31,99.39829
2015/6/1,99.4771
2015/6/2,105.23627
2015/6/3,107.17901
2015/6/4,116.38368
2015/6/5,129.34856
2015/6/6,134.54349
2015/6/7,142.90541
2015/6/8,148.43208
2015/6/9,140.60324
2015/6/10,137.50456
2015/6/11,141.5521
2015/6/12,145.15428
2015/6/13,144.56691
2015/6/14,141.13217
2015/6/15,136.38597
2015/6/16,140.48581
2015/6/17,142.29236
2015/6/18,142.1975
2015/6/19,150.56
2015/6/20,132.31613
2015/6/21,146.14943
2015/6/22,135.54333
2015/6/23,166.00098
2015/6/24,114.63019
2015/6/25,114.21387
2015/6/26,103.44403
2015/6/27,103.39583
2015/6/28,100.456085
2015/6/29,101.17595
2015/6/30,100.963
2015/7/1,106.76448
2015/7/2,118.905914
2015/7/3,121.922516
2015/7/4,119.05728
2015/7/5,122.7514
2015/7/6,133.87839
2015/7/7,144.12445
2015/7/8,140.4644
2015/7/9,132.91096
2015/7/10,124.99144
2015/7/11,136.05019
2015/7/12,124.34744
2015/7/13,118.105255
2015/7/14,113.33008
2015/7/15,108.22713
2015/7/16,103.07822
2015/7/17,103.01802
2015/7/18,101.76672
2015/7/19,98.85903
2015/7/20,104.591736
2015/7/21,96.78053
2015/7/22,93.33346
2015/7/23,91.68408
2015/7/24,92.7083
2015/7/25,98.03133
2015/7/26,99.20239
2015/7/27,101.92589
2015/7/28,105.72314
2015/7/29,107.09804
2015/7/30,105.317795
2015/7/31,106.7278
2015/8/1,105.687546
2015/8/2,107.489655
2015/8/3,106.43753
2015/8/4,111.095474
2015/8/5,112.73924
2015/8/6,118.39763
2015/8/7,127.01778
2015/8/8,130.78146
2015/8/9,127.99776
2015/8/10,116.37605
2015/8/11,108.831
2015/8/12,104.71135
2015/8/13,101.58624
2015/8/14,96.10109
2015/8/15,95.02988
2015/8/16,91.63103
2015/8/17,87.390335
2015/8/18,89.890625
2015/8/19,93.03228
2015/8/20,101.9719
2015/8/21,111.155136
2015/8/22,124.19534
2015/8/23,124.31798
2015/8/24,133.52307
2015/8/25,132.65747
2015/8/26,124.337234
2015/8/27,127.38081
2015/8/28,110.52266
2015/8/29,108.71391
2015/8/30,101.05702
2015/8/31,91.42667
2015/9/1,92.626854
2015/9/2,91.42645
2015/9/3,90.633316
2015/9/4,88.42946
2015/9/5,92.54722
2015/9/6,87.40456
2015/9/7,87.215126
2015/9/8,85.61395
2015/9/9,85.805176
2015/9/10,83.93392
2015/9/11,86.172485
2015/9/12,98.543686
2015/9/13,104.54652
2015/9/14,101.762024
2015/9/15,99.076935
2015/9/16,104.90311
2015/9/17,114.43747
2015/9/18,109.626915
2015/9/19,104.08957
2015/9/20,107.81034
2015/9/21,110.617775
2015/9/22,105.23464
2015/9/23,110.79038
2015/9/24,112.23205
2015/9/25,110.169495
2015/9/26,125.986374
2015/9/27,125.19403
2015/9/28,129.91531
2015/9/29,133.25708
2015/9/30,134.41002
2015/10/1,132.08154
2015/10/2,115.22914
2015/10/3,103.36792
2015/10/4,93.89653
2015/10/5,86.34187
2015/10/6,82.05231
2015/10/7,81.04949
2015/10/8,81.07413
2015/10/9,80.30868
2015/10/10,82.60149
2015/10/11,82.89319
2015/10/12,87.15982
2015/10/13,92.18689
2015/10/14,99.10753
2015/10/15,104.773705
2015/10/16,109.87854
2015/10/17,111.882965
2015/10/18,120.110306
2015/10/19,122.90317
2015/10/20,126.24902
2015/10/21,124.83699
2015/10/22,127.624435
2015/10/23,119.857086
2015/10/24,112.03874
2015/10/25,104.9218
2015/10/26,105.11308
2015/10/27,105.7126
2015/10/28,111.58383
2015/10/29,114.11449
2015/10/30,113.758316
2015/10/31,127.25435
2015/11/1,115.42659
2015/11/2,129.15024
2015/11/3,122.02756
2015/11/4,118.17354
2015/11/5,110.93609
2015/11/6,107.34148
2015/11/7,116.8246
2015/11/8,114.73596
2015/11/9,105.09668
2015/11/10,106.2263
2015/11/11,104.497635
2015/11/12,104.02949
2015/11/13,101.9509
2015/11/14,102.243004
2015/11/15,106.64488
2015/11/16,105.91
2015/11/17,104.25477
2015/11/18,106.49338
2015/11/19,106.96152
2015/11/20,107.28179
2015/11/21,110.98242
2015/11/22,124.79645
2015/11/23,125.32532
2015/11/24,117.74188
2015/11/25,109.06499
2015/11/26,104.94095
2015/11/27,101.7578
2015/11/28,95.217636
2015/11/29,93.47998
2015/11/30,93.509384
2015/12/1,95.92807
2015/12/2,92.863205
2015/12/3,93.52992
2015/12/4,92.51282
2015/12/5,98.22443
2015/12/6,100.14661
2015/12/7,102.05736
2015/12/8,99.419426
2015/12/9,107.73185
2015/12/10,107.693436
2015/12/11,106.41002
2015/12/12,115.47385
2015/12/13,116.754425
2015/12/14,121.63194
2015/12/15,123.278275
2015/12/16,117.31973
2015/12/17,124.15747
2015/12/18,114.905975
2015/12/19,113.19507
2015/12/20,118.45157
2015/12/21,113.48332
2015/12/22,122.27638
2015/12/23,129.15112
2015/12/24,133.70596
2015/12/25,131.00557
2015/12/26,122.46892
2015/12/27,110.16115
2015/12/28,100.63572
2015/12/29,113.0726
2015/12/30,101.005066
2015/12/31,95.40576
2016/1/1,92.59456
2016/1/2,96.00983
2016/1/3,99.61668
2016/1/4,101.425
2016/1/5,92.01709
2016/1/6,91.63696
2016/1/7,100.18552
2016/1/8,103.73405
2016/1/9,109.764145
2016/1/10,105.12226
2016/1/11,106.8871
2016/1/12,107.63053
2016/1/13,102.52179
2016/1/14,100.24713
2016/1/15,100.96965
2016/1/16,101.953514
2016/1/17,98.06558
2016/1/18,98.31033
2016/1/19,97.63954
2016/1/20,94.35952
2016/1/21,99.37514
2016/1/22,104.15518
2016/1/23,97.688416
2016/1/24,95.557816
2016/1/25,102.78987
2016/1/26,108.061005
2016/1/27,114.30583
2016/1/28,113.84689
2016/1/29,108.01108
2016/1/30,106.59677
2016/1/31,101.185684
2016/2/1,97.6122
2016/2/2,97.42451
2016/2/3,101.59408
2016/2/4,114.140335
2016/2/5,125.93646
2016/2/6,118.79384
2016/2/7,114.58737
2016/2/8,116.35344
2016/2/9,112.668976
2016/2/10,115.33794
2016/2/11,109.34554
2016/2/12,114.12485
2016/2/13,110.836426
2016/2/14,108.42964
2016/2/15,106.617935
2016/2/16,106.00691
2016/2/17,101.03627
2016/2/18,95.94737
2016/2/19,92.13483
2016/2/20,91.97675
2016/2/21,99.860535
2016/2/22,95.29468
2016/2/23,91.76945
2016/2/24,89.551994
2016/2/25,86.62328
2016/2/26,90.270325
2016/2/27,88.381996
2016/2/28,90.44469
2016/2/29,94.064125
2016/3/1,90.6633
2016/3/2,97.58151
2016/3/3,100.01681
2016/3/4,100.08173
2016/3/5,100.872284
2016/3/6,95.141754
2016/3/7,94.48909
2016/3/8,93.040344
2016/3/9,95.83411
2016/3/10,98.88069
2016/3/11,95.1794
2016/3/12,94.008354
2016/3/13,95.54405
2016/3/14,93.64784
2016/3/15,93.19196
2016/3/16,94.64322
2016/3/17,90.98933
2016/3/18,81.440094
2016/3/19,92.56175
2016/3/20,90.701096
2016/3/21,87.59636
2016/3/22,89.92665
2016/3/23,87.36418
2016/3/24,86.74188
2016/3/25,86.78226
2016/3/26,85.82156
2016/3/27,86.57276
2016/3/28,90.143265
2016/3/29,89.15924
2016/3/30,88.60911
2016/3/31,83.820175
2016/4/1,81.47374
2016/4/2,82.690765
2016/4/3,81.954666
2016/4/4,83.799515
2016/4/5,84.37494
2016/4/6,84.38316
2016/4/7,90.26507
2016/4/8,96.42854
2016/4/9,102.68597
2016/4/10,112.37697
2016/4/11,116.8692
2016/4/12,119.20662
2016/4/13,113.58261
2016/4/14,111.2005
2016/4/15,113.70529
2016/4/16,116.59276
2016/4/17,112.17766
2016/4/18,102.50096
2016/4/19,94.25522
2016/4/20,88.225174
2016/4/21,82.80727
2016/4/22,76.54385
2016/4/23,77.72724
2016/4/24,81.08104
2016/4/25,85.715
2016/4/26,84.60799
2016/4/27,88.64049
2016/4/28,96.46182
2016/4/29,98.41189
2016/4/30,94.98563
2016/5/1,96.95505
2016/5/2,94.7707
2016/5/3,94.72264
2016/5/4,91.58273
2016/5/5,93.108444
2016/5/6,90.28289
2016/5/7,90.653046
2016/5/8,91.22711
2016/5/9,85.752754
2016/5/10,91.03876
2016/5/11,94.22119
2016/5/12,96.68671
2016/5/13,95.667206
2016/5/14,99.48601
2016/5/15,108.179214
2016/5/16,117.22649
2016/5/17,106.029236
2016/5/18,107.14232
2016/5/19,105.3816
2016/5/20,101.91023
2016/5/21,104.12486
2016/5/22,101.1738
2016/5/23,100.95543
2016/5/24,99.55184
2016/5/25,97.774574
2016/5/26,96.91992
2016/5/27,92.75219
2016/5/28,92.763596
2016/5/29,89.5513
2016/5/30,85.20181
2016/5/31,90.89478
2016/6/1,91.22179
2016/6/2,91.01481
2016/6/3,88.4299
2016/6/4,86.11101
2016/6/5,82.46254
2016/6/6,81.19784
2016/6/7,81.06911
2016/6/8,82.01087
2016/6/9,83.49317
2016/6/10,91.09561
2016/6/11,89.92373
2016/6/12,97.19968
2016/6/13,98.95531
2016/6/14,94.07765
2016/6/15,90.249405
2016/6/16,90.14273
2016/6/17,92.076126
2016/6/18,89.290085
2016/6/19,86.757706
2016/6/20,87.27643
2016/6/21,87.26866
2016/6/22,83.48392
2016/6/23,81.2097
2016/6/24,80.83565
2016/6/25,78.97902
2016/6/26,81.20528
2016/6/27,80.57151
2016/6/28,78.74216
2016/6/29,76.04224
2016/6/30,76.78021
2016/7/1,76.280235
2016/7/2,75.132034
2016/7/3,74.1178
2016/7/4,76.04839
2016/7/5,78.20434
2016/7/6,78.41283
2016/7/7,83.02973
2016/7/8,89.899124
2016/7/9,92.977554
2016/7/10,98.564865
2016/7/11,101.02176
2016/7/12,100.322975
2016/7/13,96.5179
2016/7/14,100.13514
2016/7/15,99.64268
2016/7/16,108.3414
2016/7/17,113.52733
2016/7/18,116.58818
2016/7/19,113.07483
2016/7/20,107.37601
2016/7/21,115.150375
2016/7/22,104.80614
2016/7/23,90.40759
2016/7/24,87.77313
2016/7/25,82.13003
2016/7/26,74.93248
2016/7/27,75.15831
2016/7/28,74.22206
2016/7/29,73.31732
2016/7/30,73.70065
2016/7/31,73.8761
2016/8/1,75.01872
2016/8/2,75.91921
2016/8/3,77.52128
2016/8/4,78.38509
2016/8/5,80.849205
2016/8/6,84.661575
2016/8/7,87.86774
2016/8/8,101.844666
2016/8/9,103.78681
2016/8/10,97.88402
2016/8/11,97.61934
2016/8/12,101.076385
2016/8/13,96.59912
2016/8/14,92.413956
2016/8/15,89.195114
2016/8/16,90.27335
2016/8/17,88.390884
2016/8/18,84.37632
2016/8/19,83.71735
2016/8/20,82.92093
2016/8/21,80.56194
2016/8/22,78.82539
2016/8/23,84.00981
2016/8/24,84.6373
2016/8/25,80.5946
2016/8/26,82.155716
2016/8/27,86.68213
2016/8/28,88.44357
2016/8/29,90.23962
2016/8/30,94.34573
2016/8/31,106.2487
2016/9/1,101.01085
2016/9/2,98.77771
2016/9/3,100.35927
2016/9/4,103.40637
2016/9/5,98.341415
2016/9/6,93.79434
2016/9/7,94.16753
2016/9/8,95.49359
2016/9/9,95.52568
2016/9/10,92.12833
2016/9/11,95.573784
2016/9/12,87.57277
2016/9/13,86.616196
2016/9/14,86.84408
2016/9/15,87.02057
2016/9/16,86.89732
2016/9/17,85.56363
2016/9/18,81.364174
2016/9/19,84.47447
2016/9/20,85.65692
2016/9/21,86.7449
2016/9/22,87.80649
2016/9/23,84.99376
2016/9/24,86.912125
2016/9/25,85.791275
2016/9/26,84.581894
2016/9/27,88.42242
2016/9/28,86.40758
2016/9/29,85.1532
2016/9/30,82.96828
2016/10/1,79.905945
2016/10/2,80.57998
2016/10/3,84.51387
2016/10/4,91.51337
2016/10/5,96.93014
2016/10/6,102.432045
2016/10/7,105.57528
2016/10/8,107.440025
2016/10/9,106.52724
2016/10/10,105.61195
2016/10/11,103.16257
2016/10/12,99.66513
2016/10/13,98.0008
2016/10/14,95.40431
2016/10/15,92.01077
2016/10/16,82.57836
2016/10/17,79.90721
2016/10/18,75.46889
2016/10/19,77.53684
2016/10/20,76.665924
2016/10/21,75.116066
2016/10/22,78.06279
2016/10/23,77.38075
2016/10/24,77.03523
2016/10/25,75.279396
2016/10/26,77.875854
2016/10/27,77.91016
2016/10/28,78.96362
2016/10/29,78.79442
2016/10/30,78.65985
2016/10/31,75.57645
2016/11/1,76.29418
2016/11/2,76.02455
2016/11/3,75.31802
2016/11/4,74.9313
2016/11/5,76.45277
2016/11/6,76.465515
2016/11/7,75.79263
2016/11/8,76.22325
2016/11/9,76.22894
2016/11/10,79.76012
2016/11/11,79.604614
2016/11/12,78.15495
2016/11/13,77.601715
2016/11/14,77.02248
2016/11/15,76.16671
2016/11/16,75.22807
2016/11/17,80.3754
2016/11/18,77.248886
2016/11/19,76.69115
2016/11/20,75.88245
2016/11/21,74.92575
2016/11/22,74.1667
2016/11/23,76.73337
2016/11/24,77.20113
2016/11/25,78.0582
2016/11/26,80.10883
2016/11/27,80.51896
2016/11/28,81.92113
2016/11/29,84.96347
2016/11/30,85.72572
2016/12/1,81.987335
2016/12/2,82.82749
2016/12/3,83.05269
2016/12/4,83.795456
2016/12/5,82.90442
2016/12/6,80.50474
2016/12/7,77.835625
2016/12/8,75.323425
2016/12/9,72.48491
2016/12/10,70.851364
2016/12/11,71.57919
2016/12/12,70.045006
2016/12/13,69.70975
2016/12/14,70.22453
2016/12/15,71.48809
2016/12/16,71.29208
2016/12/17,70.92658
2016/12/18,70.52182
2016/12/19,71.42359
2016/12/20,71.84332
2016/12/21,74.769226
2016/12/22,73.68971
2016/12/23,73.61863
2016/12/24,72.037445
2016/12/25,71.60329
2016/12/26,71.06311
2016/12/27,72.23149
2016/12/28,72.04262
2016/12/29,72.00349
2016/12/30,72.00775
2016/12/31,72.00775
2017/1/1,72.11407
2017/1/2,71.15067
2017/1/3,71.10126
2017/1/4,71.67769
2017/1/5,71.32888
2017/1/6,71.54074
2017/1/7,70.583115
2017/1/8,70.210945
2017/1/9,70.27576
2017/1/10,69.973465
2017/1/11,71.71001
2017/1/12,73.04947
2017/1/13,74.61405
2017/1/14,73.12888
2017/1/15,74.95742
2017/1/16,76.81864
2017/1/17,77.440796
2017/1/18,77.11841
2017/1/19,77.40811
2017/1/20,78.28299
2017/1/21,83.32449
2017/1/22,86.35302
2017/1/23,85.636185
2017/1/24,80.85589
2017/1/25,79.67312
2017/1/26,84.213425
2017/1/27,81.27444
2017/1/28,77.87201
2017/1/29,77.271706
2017/1/30,75.05481
2017/1/31,75.239845
2017/2/1,75.324104
2017/2/2,74.635475
2017/2/3,73.9041
2017/2/4,73.6584
2017/2/5,72.965256
2017/2/6,71.537994
2017/2/7,71.34388
2017/2/8,70.89197
2017/2/9,72.29919
2017/2/10,73.32692
2017/2/11,73.42211
2017/2/12,74.822
2017/2/13,74.85834
2017/2/14,73.95476
2017/2/15,73.34411
2017/2/16,73.85782
2017/2/17,73.41519
2017/2/18,73.52864
2017/2/19,76.15997
2017/2/20,78.21211
2017/2/21,80.45468
2017/2/22,82.80942
2017/2/23,83.63997
2017/2/24,83.29759
2017/2/25,81.74007
2017/2/26,78.68635
2017/2/27,77.96865
2017/2/28,82.553375
2017/3/1,81.13245
2017/3/2,80.25264
2017/3/3,78.50957
2017/3/4,76.880424
2017/3/5,74.48553
2017/3/6,72.24223
2017/3/7,72.0001
2017/3/8,71.85386
2017/3/9,70.62462
2017/3/10,71.25
2017/3/11,70.30969
2017/3/12,70.137634
2017/3/13,70.61415
2017/3/14,71.88666
2017/3/15,69.97192
2017/3/16,69.716576
2017/3/17,70.77447
2017/3/18,70.498764
2017/3/19,70.687386
2017/3/20,71.706696
2017/3/21,73.20048
2017/3/22,71.65592
2017/3/23,72.10025
2017/3/24,72.59005
2017/3/25,72.73416
2017/3/26,74.84992
2017/3/27,78.65872
2017/3/28,86.99417
2017/3/29,86.569885
2017/3/30,83.5495
2017/3/31,87.599106
2017/4/1,93.20854
2017/4/2,103.907104
2017/4/3,113.71097
2017/4/4,111.64577
2017/4/5,92.02673
2017/4/6,81.76705
2017/4/7,79.288574
2017/4/8,70.482834
2017/4/9,73.88559
2017/4/10,74.727936
2017/4/11,74.32797
2017/4/12,75.50772
2017/4/13,72.95824
2017/4/14,74.27441
2017/4/15,74.11191
2017/4/16,74.26361
2017/4/17,76.89425
2017/4/18,77.47813
2017/4/19,86.83469
2017/4/20,83.43808
2017/4/21,82.85325
2017/4/22,85.66783
2017/4/23,85.34808
2017/4/24,85.0513
2017/4/25,81.7215
2017/4/26,83.26136
2017/4/27,81.64608
2017/4/28,80.13689
2017/4/29,79.461365
2017/4/30,78.844406
2017/5/1,79.48038
2017/5/2,76.87294
2017/5/3,80.08008
2017/5/4,76.47923
2017/5/5,76.701614
2017/5/6,76.03853
2017/5/7,73.76195
2017/5/8,73.79264
2017/5/9,72.841324
2017/5/10,71.30511
2017/5/11,71.57409
2017/5/12,71.418274
2017/5/13,71.74658
2017/5/14,73.06933
2017/5/15,73.50253
2017/5/16,72.95052
2017/5/17,73.779175
2017/5/18,74.759224
2017/5/19,75.86061
2017/5/20,75.20423
2017/5/21,75.25224
2017/5/22,76.32925
2017/5/23,77.6407
2017/5/24,78.95131
2017/5/25,81.94261
2017/5/26,80.456345
2017/5/27,84.2092
2017/5/28,85.17406
2017/5/29,80.39163
2017/5/30,77.10358
2017/5/31,75.83788
2017/6/1,77.20968
2017/6/2,82.361404
2017/6/3,81.67104
2017/6/4,80.47316
2017/6/5,80.82643
2017/6/6,83.522354
2017/6/7,78.78287
2017/6/8,78.238815
2017/6/9,76.06946
2017/6/10,76.83156
2017/6/11,78.25083
2017/6/12,78.32155
2017/6/13,78.83125
2017/6/14,77.80513
2017/6/15,78.373535
2017/6/16,81.32822
2017/6/17,76.86989
2017/6/18,78.72018
2017/6/19,77.500145
2017/6/20,76.74226
2017/6/21,77.592354
2017/6/22,77.72537
2017/6/23,77.51251
2017/6/24,76.988785
2017/6/25,76.93231
2017/6/26,76.48266
2017/6/27,77.07543
2017/6/28,77.32911
2017/6/29,75.173935
2017/6/30,74.60938
2017/7/1,74.910965
2017/7/2,73.9125
2017/7/3,74.43595
2017/7/4,75.67627
2017/7/5,75.35154
2017/7/6,77.356964
2017/7/7,80.57462
2017/7/8,85.93286
2017/7/9,93.67934
2017/7/10,97.57061
2017/7/11,99.457306
2017/7/12,95.08371
2017/7/13,93.72949
2017/7/14,96.70523
2017/7/15,96.04457
2017/7/16,93.8385
2017/7/17,89.47903
2017/7/18,88.03791
2017/7/19,80.62906
2017/7/20,74.75192
2017/7/21,72.63469
2017/7/22,72.21985
2017/7/23,72.74456
2017/7/24,73.38899
2017/7/25,73.17526
2017/7/26,73.0401
2017/7/27,71.66992
2017/7/28,71.54952
2017/7/29,73.16106
2017/7/30,73.245804
2017/7/31,72.42638
2017/8/1,76.51787
2017/8/2,77.41482
2017/8/3,78.95115
2017/8/4,78.96388
2017/8/5,77.30743
2017/8/6,77.13607
2017/8/7,76.77715
2017/8/8,76.1245
2017/8/9,74.101105
2017/8/10,74.765076
2017/8/11,74.05286
2017/8/12,73.22258
2017/8/13,73.41275
2017/8/14,71.42219
2017/8/15,76.73881
2017/8/16,79.39144
2017/8/17,81.38422
2017/8/18,79.92532
2017/8/19,85.70264
2017/8/20,92.4704
2017/8/22,89.719055
2017/8/23,93.32048
2017/8/24,90.3905
2017/8/25,85.389946
2017/8/26,81.000916
2017/8/27,82.91418
2017/8/28,80.23227
2017/8/29,82.739746
2017/8/30,87.35862
2017/8/31,90.85551
2017/9/1,92.80435
2017/9/2,97.99136
2017/9/3,100.97716
2017/9/4,115.689026
2017/9/5,137.1155
2017/9/6,155.10315
2017/9/7,128.50572
2017/9/8,129.73036
2017/9/9,124.273575
2017/9/10,112.89691
2017/9/11,136.37718
2017/9/12,83.05812
2017/9/13,85.63598
2017/9/14,74.96988
2017/9/15,74.9716
2017/9/16,74.73842
2017/9/17,73.3332
2017/9/18,72.833824
2017/9/19,73.1469
2017/9/20,73.05588
2017/9/21,73.16122
2017/9/22,75.08834
2017/9/23,76.68666
2017/9/24,81.58233
2017/9/25,86.07857
2017/9/26,90.89065
2017/9/27,93.77869
2017/9/28,91.992584
2017/9/29,92.44938
2017/9/30,91.459335
2017/10/1,89.08711
2017/10/2,89.09654
2017/10/3,86.08
2017/10/4,87.056046
2017/10/5,87.33835
2017/10/6,86.72178
2017/10/7,84.335266
2017/10/8,81.59208
2017/10/9,78.781105
2017/10/10,74.72475
2017/10/11,71.95196
2017/10/12,70.91647
2017/10/13,70.42788
2017/10/14,70.11983
2017/10/15,69.54268
2017/10/16,69.38768
2017/10/17,71.25208
2017/10/18,72.05435
2017/10/19,72.36906
2017/10/20,73.71967
2017/10/21,74.77916
2017/10/22,77.367195
2017/10/23,78.34542
2017/10/24,78.0104
2017/10/25,78.11302
2017/10/26,78.06888
2017/10/27,78.04254
2017/10/28,76.79526
2017/10/29,75.5556
2017/10/30,76.13175
2017/10/31,75.35657
2017/11/1,74.69473
2017/11/2,73.786896
2017/11/3,72.70302
2017/11/4,72.92389
2017/11/5,72.32685
2017/11/6,71.30074
2017/11/7,70.543945
2017/11/8,68.75273
2017/11/9,68.08612
2017/11/10,67.11906
2017/11/10,67.06384
2017/11/11,69.6533
2017/11/12,67.54367
2017/11/13,69.28618
2017/11/14,72.48032
2017/11/15,74.691696
2017/11/16,74.13509
2017/11/17,73.39648
2017/11/18,74.93654
2017/11/19,74.66914
2017/11/20,73.73548
2017/11/21,72.830864
2017/11/22,72.815216
2017/11/23,72.8607
2017/11/24,71.48364
2017/11/25,72.53047
2017/11/26,73.68734
2017/11/27,75.26758
2017/11/28,72.82211
2017/11/29,70.77406
2017/11/30,70.75163
2017/12/1,70.745415
2017/12/2,69.489365
2017/12/3,70.1069
2017/12/4,68.12064
2017/12/5,67.52821
2017/12/6,67.18947
2017/12/7,67.94117
2017/12/8,67.542366
2017/12/9,69.07797
2017/12/10,70.49763
2017/12/11,71.374115
2017/12/12,70.99077
2017/12/13,70.21132
2017/12/14,70.9011
2017/12/15,71.102356
2017/12/16,70.531746
2017/12/17,70.02603
2017/12/18,69.86838
2017/12/19,69.58386
2017/12/20,68.77005
2017/12/21,73.89366
2017/12/22,75.31929
2017/12/23,74.66258
2017/12/24,74.714836
2017/12/25,74.53892
2017/12/26,73.94794
2017/12/27,70.58503
2017/12/28,69.55704
2017/12/29,70.18014
2017/12/30,70.4224
2017/12/31,68.71147
2018/1/1,69.2218
2018/1/2,69.26024
2018/1/3,69.24373
2018/1/4,69.56283
2018/1/5,68.435555
2018/1/6,67.87749
2018/1/7,68.30361
2018/1/8,68.74299
2018/1/9,69.01125
2018/1/10,69.39555
2018/1/11,69.56839
2018/1/12,69.11265
2018/1/13,68.722374
2018/1/14,69.28228
2018/1/15,69.05159
2018/1/16,68.938446
2018/1/17,69.91588
2018/1/18,69.534035
2018/1/19,70.15547
2018/1/20,69.48865
2018/1/21,68.59409
2018/1/22,67.775345
2018/1/23,69.169266
2018/1/24,69.54883
2018/1/25,68.71374
2018/1/26,68.95088
2018/1/27,68.663895
2018/1/28,68.055435
2018/1/29,67.30599
2018/1/30,67.46925
2018/1/31,68.67691
2018/2/1,68.464325
2018/2/3,68.353294
2018/2/4,68.2729
2018/2/5,69.1481
2018/2/6,72.393875
2018/2/6,74.17578
2018/2/7,75.65011
2018/2/8,76.085526
2018/2/9,77.742874
2018/2/10,77.0214
2018/2/11,77.660515
2018/2/12,76.45713
2018/2/13,77.2729
2018/2/14,74.62985
2018/2/15,73.62094
2018/2/16,71.22913
2018/2/17,70.52749
2018/2/18,69.456436
2018/2/19,69.57548
2018/2/20,69.09345
2018/2/21,68.80926
2018/2/22,68.2162
2018/2/23,68.91058
2018/2/24,68.594475
2018/2/25,68.50968
2018/2/26,68.166306
2018/2/27,70.595894
2018/2/28,68.59433
2018/3/1,69.03123
2018/3/2,67.59026
2018/3/3,67.41945
2018/3/4,67.74082
2018/3/5,68.08423
2018/3/6,67.87298
2018/3/7,67.87752
2018/3/8,67.971
2018/3/9,67.25397
2018/3/10,67.92588
2018/3/11,68.16458
2018/3/12,68.57544
2018/3/13,68.92688
2018/3/14,69.0915
2018/3/15,68.47693
2018/3/16,69.20073
2018/3/17,68.85804
2018/3/18,69.700905
2018/3/19,69.55191
2018/3/20,70.37979
2018/3/21,69.368614
2018/3/22,69.1847
2018/3/23,68.71803
2018/3/24,68.85275
2018/3/25,68.40309
2018/3/26,69.10951
2018/3/27,68.57699
2018/3/28,68.683525
2018/3/29,69.52681
2018/3/30,69.57395
2018/3/31,69.53392
2018/4/1,69.955246
2018/4/2,69.608696
2018/4/3,69.18743
2018/4/4,68.713646
2018/4/5,68.85275
2018/4/6,67.86847
2018/4/7,68.38401
2018/4/8,68.375145
2018/4/9,69.36375
2018/4/10,70.31249
2018/4/11,69.394684
2018/4/12,69.72447
2018/4/13,71.48649
2018/4/14,71.00084
2018/4/15,70.95122
2018/4/16,71.73032
2018/4/17,70.27417
2018/4/18,70.65227
2018/4/19,72.992035
2018/4/20,72.66846
2018/4/21,75.805176
2018/4/22,78.842865
2018/4/23,77.41796
2018/4/24,75.099655
2018/4/25,74.84395
2018/4/26,72.43364
2018/4/27,71.66223
2018/4/28,71.23677
2018/4/29,71.528015
2018/4/30,73.36646
2018/5/1,71.32348
2018/5/2,70.62511
2018/5/3,69.14606
2018/5/4,68.958534
2018/5/5,70.84272
2018/5/6,70.219894
2018/5/7,70.28677
2018/5/8,71.2998
2018/5/9,72.5474
2018/5/10,72.14737
2018/5/11,73.798584
2018/5/12,72.64929
2018/5/13,71.896576
2018/5/14,72.98775
2018/5/15,72.478455
2018/5/16,72.573166
2018/5/17,71.94583
2018/5/18,72.194725
2018/5/19,71.462715
2018/5/20,72.99848
2018/5/21,71.12439
2018/5/22,71.709175
2018/5/23,74.25418
2018/5/24,76.51433
2018/5/25,76.991714
2018/5/26,78.84924
2018/5/27,76.19703
2018/5/28,77.60653
2018/5/29,81.12812
2018/5/30,77.7166
2018/5/31,77.62898
2018/6/1,80.325615
2018/6/2,78.848854
2018/6/3,77.221954
2018/6/4,76.11758
2018/6/5,74.12514
2018/6/6,73.727036
2018/6/7,74.00321
2018/6/8,71.65906
2018/6/9,70.941475
2018/6/10,70.69145
2018/6/11,73.51217
2018/6/12,73.72636
2018/6/13,74.01533
2018/6/14,75.202896
2018/6/15,75.63992
2018/6/16,74.098656
2018/6/17,73.83134
2018/6/18,75.7283
2018/6/19,77.52669
2018/6/20,80.694145
2018/6/21,87.463425
2018/6/22,86.41545
2018/6/23,83.77606
2018/6/24,80.1169
2018/6/25,76.89098
2018/6/26,75.62251
2018/6/27,74.694244
2018/6/28,73.59111
2018/6/29,73.02173
2018/6/30,71.73978
2018/7/1,71.53852
2018/7/2,70.97625
2018/7/3,70.60455
2018/7/4,71.18855
2018/7/5,71.60951
2018/7/6,71.548355
2018/7/7,74.11445
2018/7/8,75.89599
2018/7/9,74.70975
2018/7/10,75.89605
2018/7/11,75.14698
2018/7/12,76.806
2018/7/13,75.38641
2018/7/14,75.484695
2018/7/15,75.84809
2018/7/16,74.479385
2018/7/17,75.15947
2018/7/18,74.24635
2018/7/19,74.508125
2018/7/20,73.857414
2018/7/21,73.24893
2018/7/22,72.89021
2018/7/23,70.802216
2018/7/24,69.77985
2018/7/25,69.64197
2018/7/26,69.07017
2018/7/27,69.548996
2018/7/28,69.65273
2018/7/29,70.859695
2018/7/30,71.31053
2018/7/31,71.277725
2018/8/1,72.16463
2018/8/2,73.68578
2018/8/3,72.89671
2018/8/4,72.954056
2018/8/5,73.57548
2018/8/6,71.65147
2018/8/7,71.95741
2018/8/8,72.59247
2018/8/9,73.00096
2018/8/10,72.8907
2018/8/11,72.22733
2018/8/12,70.12546
2018/8/13,71.15414
2018/8/14,70.01422
2018/8/15,72.090744
2018/8/16,71.70369
2018/8/17,71.40558
2018/8/18,70.36485
2018/8/19,69.80377
2018/8/20,69.035965
2018/8/21,70.892715
2018/8/22,70.421715
2018/8/23,69.73744
2018/8/24,72.873215
2018/8/25,74.885155
2018/8/26,73.26329
2018/8/27,72.149254
2018/8/28,71.61345
2018/8/29,72.015305
2018/8/30,72.605034
2018/8/31,70.80486
2018/9/1,69.830475
2018/9/2,70.28375
2018/9/3,70.19864
2018/9/4,69.76768
2018/9/5,69.90553
2018/9/6,69.38362
2018/9/7,69.41378
2018/9/8,69.753525
2018/9/9,70.977264
2018/9/10,70.496124
2018/9/11,70.68319
2018/9/12,71.96115
2018/9/13,70.705154
2018/9/14,71.045876
2018/9/15,70.74858
2018/9/16,70.0124
2018/9/17,70.178955
2018/9/18,69.24442
2018/9/19,69.514565
2018/9/20,69.218994
2018/9/21,68.53768
2018/9/22,68.41185
2018/9/23,69.01549
2018/9/24,69.86073
2018/9/25,69.86011
2018/9/26,69.713615
2018/9/27,70.35449
2018/9/28,69.14772
2018/9/29,69.411
2018/9/30,70.081024
2018/10/1,69.60599
2018/10/2,70.69116
2018/10/3,68.711586
2018/10/4,69.21357
2018/10/5,68.285645
2018/10/6,69.41902
2018/10/7,69.59744
2018/10/8,69.85719
2018/10/9,69.402855
2018/10/10,70.3751
2018/10/11,70.891106
2018/10/12,71.716736
2018/10/13,72.55149
2018/10/14,73.34831
2018/10/15,72.23947
2018/10/16,71.0909
2018/10/17,70.5617
2018/10/18,70.32971
2018/10/19,70.05631
2018/10/20,70.40831
2018/10/21,70.71944
2018/10/22,71.84647
2018/10/23,71.35005
2018/10/24,71.221825
2018/10/25,69.75344
2018/10/26,69.5343
2018/10/27,69.18743
2018/10/28,69.22724
2018/10/29,68.36605
2018/10/30,68.69225
2018/10/31,67.71194
2018/11/1,68.04507
2018/11/2,67.090195
2018/11/3,68.0261
2018/11/4,67.894714
2018/11/5,67.523094
2018/11/6,68.835495
2018/11/7,68.941895
2018/11/8,68.87049
2018/11/9,69.1814
2018/11/10,68.47039
2018/11/11,68.42058
2018/11/12,69.23242
2018/11/13,67.85744
2018/11/14,67.026634
2018/11/15,68.48636
2018/11/16,69.51654
2018/11/17,70.82126
2018/11/18,73.04697
2018/11/19,71.9581
2018/11/20,69.87021
2018/11/21,69.17329
2018/11/22,68.60713
2018/11/23,68.75948
2018/11/24,68.41182
2018/11/25,68.79451
2018/11/26,68.418365
2018/11/27,67.990326
2018/11/28,67.76445
2018/11/29,67.18221
2018/11/30,67.58018
2018/12/1,67.747154
2018/12/2,68.34963
2018/12/3,68.20992
2018/12/4,67.48824
2018/12/5,68.256165
2018/12/6,70.23668
2018/12/7,68.82634
2018/12/8,69.45917
2018/12/9,70.10607
2018/12/10,70.5701
2018/12/11,69.44064
2018/12/12,69.594734
2018/12/13,69.842
2018/12/14,69.29239
2018/12/15,70.16922
2018/12/16,70.68657
2018/12/17,68.898254
2018/12/18,69.19982
2018/12/19,69.03925
2018/12/20,69.044785
2018/12/21,68.8403
2018/12/22,69.70506
2018/12/23,69.33913
2018/12/24,68.796196
2018/12/25,68.47911
2018/12/26,68.60536
2018/12/27,67.89456
2018/12/28,67.41034
2018/12/29,68.3585
2018/12/30,67.50301
2018/12/31,68.34313
2019/1/1,68.303474
2019/1/2,71.5105
2019/1/3,74.28917
2019/1/4,71.332794
2019/1/5,70.39033
2019/1/6,69.90318
2019/1/7,70.832146
2019/1/8,70.27083
2019/1/9,69.84641
2019/1/10,69.15044
2019/1/11,68.52896
2019/1/12,67.52113
2019/1/13,68.41692
2019/1/14,68.02716
2019/1/15,68.849625
2019/1/16,68.340126
2019/1/17,68.531555
2019/1/18,67.905426
2019/1/19,68.214485
2019/1/20,68.29913
2019/1/21,68.10772
2019/1/22,68.84682
2019/1/23,70.67984
2019/1/24,71.356476
2019/1/25,70.76959
2019/1/26,74.96699
2019/1/27,75.394394
2019/1/28,73.110725
2019/1/29,73.499695
2019/1/30,72.37561
2019/1/31,72.33067
2019/2/1,71.215576
2019/2/2,70.76316
2019/2/3,70.09939
2019/2/5,70.380554
2019/2/6,69.75815
2019/2/6,69.046906
2019/2/7,69.3322
2019/2/8,69.13462
2019/2/9,69.77831
2019/2/9,69.745384
2019/2/10,70.14592
2019/2/11,69.16141
2019/2/12,68.887794
2019/2/13,69.26437
2019/2/14,70.60984
2019/2/15,70.331635
2019/2/16,69.863
2019/2/17,69.6819
2019/2/18,69.49952
2019/2/19,69.41518
2019/2/20,69.32396
2019/2/21,70.30592
2019/2/22,70.79357
2019/2/23,70.58836
2019/2/24,69.936356
2019/2/25,70.08783
2019/2/26,70.21233
2019/2/27,70.414024
2019/2/28,69.75815
2019/3/1,69.57831
2019/3/2,69.82953
2019/3/3,69.07974
2019/3/4,69.65119
2019/3/5,70.77647
2019/3/6,71.580185
2019/3/7,72.86131
2019/3/8,70.19656
2019/3/9,71.358185
2019/3/10,70.8513
2019/3/11,71.4812
2019/3/12,70.291916
2019/3/13,69.916824
2019/3/14,71.08104
2019/3/15,70.4699
2019/3/16,69.82446
2019/3/17,69.673615
2019/3/18,69.924866
2019/3/19,70.67703
2019/3/20,70.395035
2019/3/21,77.04355
2019/3/22,82.68696
2019/3/23,83.30566
2019/3/24,79.12863
2019/3/25,74.32329
2019/3/26,70.996346
2019/3/27,70.13555
2019/3/28,69.67009
2019/3/29,69.25123
2019/3/30,69.95649
2019/3/31,70.14891
2019/4/1,70.53563
2019/4/2,70.7126
2019/4/3,72.088394
2019/4/4,71.33646
2019/4/5,71.1071
2019/4/6,73.17211
2019/4/7,74.88603
2019/4/8,78.52719
2019/4/9,81.03542
2019/4/10,80.231865
2019/4/11,79.77053
2019/4/12,81.114655
2019/4/13,78.50665
2019/4/14,78.97124
2019/4/15,76.21172
2019/4/16,75.935776
2019/4/17,75.98733
2019/4/18,77.50858
2019/4/19,76.07692
2019/4/20,73.51662
2019/4/21,72.45903
2019/4/22,70.64679
2019/4/23,71.19841
2019/4/24,70.08878
2019/4/25,70.6827
2019/4/26,69.52505
2019/4/27,69.04831
2019/4/28,69.44679
2019/4/29,69.76599
2019/4/30,69.307495
2019/5/1,70.067024
2019/5/2,69.50376
2019/5/3,71.06874
2019/5/4,72.4389
2019/5/5,75.84482
2019/5/6,77.87487
2019/5/7,79.42962
2019/5/8,81.68651
2019/5/9,78.398796
2019/5/10,78.09103
2019/5/11,78.427734
2019/5/12,79.78009
2019/5/13,78.56274
2019/5/14,77.28342
2019/5/15,77.24907
2019/5/16,75.92679
2019/5/17,75.4613
2019/5/18,74.67994
2019/5/19,72.99388
2019/5/20,70.625114
2019/5/21,70.74588
2019/5/22,70.537
2019/5/23,69.715515
2019/5/24,69.67633
2019/5/25,69.291
2019/5/26,70.27978
2019/5/27,70.55397
2019/5/28,70.28297
2019/5/29,70.709465
2019/5/30,70.58417
2019/5/31,71.82387
2019/6/1,71.35429
2019/6/2,72.46829
2019/6/3,72.73753
2019/6/4,72.485855
2019/6/5,72.92552
2019/6/6,73.51375
2019/6/7,72.08739
2019/6/8,72.14703
2019/6/9,71.454254
2019/6/10,71.71427
2019/6/11,71.83678
2019/6/12,72.380745
2019/6/13,72.42589
2019/6/14,70.90529
2019/6/15,70.88977
2019/6/16,69.78625
2019/6/17,68.8155
2019/6/18,69.554474
2019/6/19,69.98026
2019/6/20,71.06184
2019/6/21,70.26818
2019/6/22,69.62973
2019/6/23,69.6956
2019/6/24,70.9477
2019/6/25,71.28294
2019/6/26,71.37985
2019/6/27,71.561966
2019/6/28,70.90198
2019/6/29,70.19051
2019/6/30,71.466
2019/7/1,70.855515
2019/7/2,70.73702
2019/7/3,70.55219
2019/7/4,70.14479
2019/7/5,71.03378
2019/7/6,70.24883
2019/7/7,70.15695
2019/7/8,70.9411
2019/7/9,70.149315
2019/7/10,70.27425
2019/7/11,70.61571
2019/7/12,70.059296
2019/7/13,69.97468
2019/7/14,69.683334
2019/7/15,70.23975
2019/7/16,70.64357
2019/7/17,70.38248
2019/7/18,70.2731
2019/7/19,70.607315
2019/7/20,69.74034
2019/7/21,70.42049
2019/7/22,70.960175
2019/7/23,70.56632
2019/7/24,70.45953
2019/7/25,71.01064
2019/7/26,71.19345
2019/7/27,73.73191
2019/7/28,69.41394
2019/7/29,69.88442
2019/7/30,69.91261
2019/7/31,69.69432
2019/8/1,69.924866
2019/8/2,70.23857
2019/8/3,69.35896
2019/8/4,69.08253
2019/8/5,69.774155
2019/8/6,71.65157
2019/8/7,70.99402
2019/8/8,70.94701
2019/8/9,71.17231
2019/8/10,69.98931
2019/8/11,69.73724
2019/8/12,69.80336
2019/8/13,70.02852
2019/8/14,69.908455
2019/8/15,70.76977
2019/8/16,70.813736
2019/8/17,70.34793
2019/8/18,70.052155
2019/8/19,70.51465
2019/8/20,70.28714
2019/8/21,70.17778
2019/8/22,69.02365
2019/8/23,68.618
2019/8/24,69.18281
2019/8/25,69.06259
2019/8/26,69.0489
2019/8/27,68.472565
2019/8/28,68.69009
2019/8/29,68.15536
2019/8/30,68.81934
2019/8/31,69.22133
2019/9/1,68.9521
2019/9/2,69.694016
2019/9/3,71.30975
2019/9/4,70.91229
2019/9/5,70.96646
2019/9/6,70.32594
2019/9/7,71.21327
2019/9/8,73.680786
2019/9/9,72.41568
2019/9/10,69.98385
2019/9/11,70.625595
2019/9/12,70.1588
2019/9/13,70.7079
2019/9/14,70.482
2019/9/15,70.26209
2019/9/16,69.11488
2019/9/17,70.15521
2019/9/18,69.18197
2019/9/19,67.9014
2019/9/20,68.81422
2019/9/21,69.12315
2019/9/22,69.27814
2019/9/23,69.145615
2019/9/24,68.19442
2019/9/25,68.70758
2019/9/26,68.51844
2019/9/27,68.25325
2019/9/28,68.18817
2019/9/29,68.55786
2019/9/30,69.02919
2019/10/1,69.51026
2019/10/2,69.56151
2019/10/3,69.214874
2019/10/4,69.65676
2019/10/5,69.32261
2019/10/6,68.61804
2019/10/7,68.855545
2019/10/8,68.58351
2019/10/9,68.42056
2019/10/10,68.80272
2019/10/11,68.2401
2019/10/12,69.34025
2019/10/13,68.568275
2019/10/14,68.05552
2019/10/15,67.30811
2019/10/16,67.64752
2019/10/17,67.38148
2019/10/18,67.11929
2019/10/19,67.13879
2019/10/20,67.12275
2019/10/21,67.07598
2019/10/22,66.98493
2019/10/23,67.28185
2019/10/24,67.12798
2019/10/25,67.22713
2019/10/26,69.1523
2019/10/27,69.31587
2019/10/28,69.17999
2019/10/29,69.365234
2019/10/30,69.13462
2019/10/31,69.56557
2019/11/1,71.55445
2019/11/2,71.009285
2019/11/3,70.10089
2019/11/4,68.994995
2019/11/5,70.500946
2019/11/6,70.33582
2019/11/7,69.33153
2019/11/8,69.290985
2019/11/9,69.54767
2019/11/10,69.4317
2019/11/11,69.53665
2019/11/12,69.32122
2019/11/13,69.543526
2019/11/14,70.77168
2019/11/15,69.773506
2019/11/16,69.25123
2019/11/17,69.10582
2019/11/18,69.4592
2019/11/19,69.65961
2019/11/20,69.10167
2019/11/21,69.659485
2019/11/22,70.534065
2019/11/23,69.57033
2019/11/24,69.06061
2019/11/25,69.659485
2019/11/26,68.60939
2019/11/27,70.87109
2019/11/28,70.5608
2019/11/29,69.62846
2019/11/30,68.83945
2019/12/1,69.56275
2019/12/2,70.32481
2019/12/3,69.26912
2019/12/4,69.089386
2019/12/5,68.54858
2019/12/6,69.296074
2019/12/7,69.37903
2019/12/8,69.024155
2019/12/9,70.35798
2019/12/10,70.14087
2019/12/11,69.77866
2019/12/12,69.90968
2019/12/13,68.85208
2019/12/14,67.83623
2019/12/15,69.490265
2019/12/16,69.618225
2019/12/17,68.61154
2019/12/18,69.27266
2019/12/19,69.26849
2019/12/20,68.72241
2019/12/21,69.49089
2019/12/22,69.88905
2019/12/23,69.832436
2019/12/24,71.293884
2019/12/25,71.60706
2019/12/26,71.13403
2019/12/27,71.031265
2019/12/28,71.36971
2019/12/29,70.50296
2019/12/30,70.75748
2019/12/31,69.82057
2020/1/1,69.23616
2020/1/2,70.50093
2020/1/3,70.11464
2020/1/4,70.727356
2020/1/5,70.59256
2020/1/6,70.467896
2020/1/7,68.785286
2020/1/8,70.38016
2020/1/9,72.86036
2020/1/10,73.01852
2020/1/11,71.420456
2020/1/12,71.58679
2020/1/13,70.674225
2020/1/14,70.731255
2020/1/15,70.450066
2020/1/16,69.30142
2020/1/17,70.45212
2020/1/18,69.15321
2020/1/19,70.25737
2020/1/20,70.34534
2020/1/21,69.764984
2020/1/22,69.15729
2020/1/23,69.750656
2020/1/24,70.273224
2020/1/25,70.21802
2020/1/26,71.43793
2020/1/27,73.69114
2020/1/28,73.393555
2020/1/29,74.56092
2020/1/30,72.65166
2020/1/31,72.81151
2020/2/1,72.337875
2020/2/2,71.41116
2020/2/3,71.06826
2020/2/4,70.38941
2020/2/5,69.70993
2020/2/6,69.680466
2020/2/7,69.716324
2020/2/8,69.93318
2020/2/9,70.1322
2020/2/10,69.897446
2020/2/11,69.37125
2020/2/12,70.15817
2020/2/13,69.91824
2020/2/14,70.43457
2020/2/15,69.87692
2020/2/16,69.46517
2020/2/17,70.25766
2020/2/18,70.43916
2020/2/19,70.39615
2020/2/20,70.28145
2020/2/21,69.863
2020/2/22,70.74527
2020/2/23,71.40021
2020/2/24,70.31386
2020/2/25,69.71262
2020/2/26,70.42886
2020/2/27,69.66839
2020/2/28,70.54207
2020/2/29,69.98476
2020/3/1,69.77307
2020/3/2,69.48853
2020/3/3,69.51737
2020/3/4,69.84887
2020/3/5,69.5092
2020/3/6,69.51737
2020/3/7,69.74251
2020/3/8,69.83514
2020/3/9,70.24544
2020/3/10,70.639366
2020/3/11,70.91431
2020/3/12,69.707466
2020/3/13,69.876465
2020/3/14,69.596275
2020/3/15,69.6127
2020/3/16,70.48675
2020/3/17,70.10213
2020/3/18,72.57327
2020/3/19,72.67684
2020/3/20,72.50871
2020/3/21,71.95685
2020/3/22,71.030174
2020/3/23,71.112274
2020/3/24,70.83128
2020/3/25,71.604355
2020/3/26,71.66747
2020/3/27,70.7805
2020/3/28,69.66204
2020/3/29,69.876465
2020/3/30,69.80896
2020/3/31,69.81166
2020/4/1,70.92403
2020/4/2,70.27918
2020/4/3,70.69685
2020/4/4,71.2337
2020/4/5,71.17136
2020/4/6,71.575584
2020/4/7,71.44202
2020/4/8,70.68781
2020/4/9,71.59011
2020/4/10,71.246254
2020/4/11,70.91396
2020/4/12,71.82286
2020/4/13,72.49627
2020/4/14,71.46864
2020/4/15,70.435135
2020/4/16,69.580376
2020/4/17,70.321014
2020/4/18,70.31755
2020/4/19,70.50516
2020/4/20,70.38513
2020/4/21,70.48994
2020/4/22,71.37362
2020/4/23,71.99812
2020/4/24,70.03558
2020/4/25,71.51575
2020/4/26,70.42746
2020/4/27,71.51132
2020/4/28,70.73394
2020/4/29,70.84593
2020/4/30,72.27503
2020/5/1,71.84725
2020/5/2,71.70241
2020/5/3,70.8674
2020/5/4,70.60718
2020/5/5,71.53053
2020/5/6,71.257286
2020/5/7,72.12698
2020/5/8,70.872246
2020/5/9,70.06352
2020/5/10,71.12061
2020/5/11,70.02934
2020/5/12,68.997734
2020/5/13,72.12566
2020/5/14,71.85932
2020/5/15,70.35127
2020/5/16,70.75171
2020/5/17,72.32785
2020/5/18,72.60364
2020/5/19,73.143074
2020/5/20,71.39177
2020/5/21,72.105286
2020/5/22,73.76001
2020/5/23,73.23518
2020/5/24,71.97334
2020/5/25,71.2064
2020/5/26,72.5326
2020/5/27,71.90416
2020/5/28,75.384995
2020/5/29,70.12067
2020/5/30,72.31987
2020/5/31,72.85094
2020/6/1,73.9685
2020/6/2,72.93462
2020/6/3,74.25045
2020/6/4,72.99251
2020/6/5,73.22479
2020/6/6,74.808914
2020/6/7,75.78131
2020/6/8,75.08813
2020/6/9,74.66819
2020/6/10,76.420456
2020/6/11,73.8436
2020/6/12,74.5817
2020/6/13,73.542366
2020/6/14,73.052345
2020/6/15,74.08736
2020/6/16,73.204895
2020/6/17,72.472084
2020/6/18,71.8056
2020/6/19,70.82032
2020/6/20,71.661545
2020/6/21,71.018326
2020/6/22,71.13594
2020/6/23,71.04813
2020/6/24,70.20035
2020/6/25,70.57796
2020/6/26,72.00135
2020/6/27,70.922035
2020/6/28,72.01739
2020/6/29,72.33905
2020/6/30,71.785835
2020/7/1,72.33171
2020/7/2,72.31495
2020/7/3,71.337006
2020/7/4,73.000885
2020/7/5,73.0316
2020/7/6,72.125336
2020/7/7,71.53091
2020/7/8,70.963646
2020/7/9,70.81709
2020/7/10,72.110115
2020/7/11,72.09721
2020/7/12,71.693085
2020/7/13,70.96526
2020/7/14,71.76955
2020/7/15,72.22931
2020/7/16,71.482185
2020/7/17,72.14374
2020/7/18,71.80963
2020/7/19,71.48559
2020/7/20,71.62497
2020/7/21,72.69016
2020/7/22,72.54271
2020/7/23,72.696655
2020/7/24,73.41655
2020/7/25,72.52775
2020/7/26,73.33076
2020/7/27,74.74248
2020/7/28,74.74217
2020/7/29,75.62129
2020/7/30,75.997154
2020/7/31,75.194855
2020/8/1,75.32918
2020/8/2,75.00193
2020/8/3,75.67578
2020/8/4,75.637054
2020/8/5,75.96666
2020/8/6,76.71001
2020/8/7,76.182304
2020/8/8,77.33498
2020/8/9,77.49791
2020/8/10,78.26977
2020/8/11,76.852165
2020/8/12,75.91342
2020/8/13,75.73829
2020/8/14,74.665146
2020/8/15,74.31003
2020/8/16,72.7722
2020/8/17,73.32046
2020/8/18,73.040596
2020/8/19,74.142075
2020/8/20,72.9949
2020/8/21,73.01664
2020/8/22,73.408295
2020/8/23,72.71641
2020/8/24,73.28832
2020/8/25,73.4162
2020/8/26,72.81408
2020/8/27,72.524704
2020/8/28,72.24758
2020/8/29,72.82837
2020/8/30,72.36603
2020/8/31,71.521614
2020/9/1,71.80526
2020/9/2,71.82573
2020/9/3,70.22316
2020/9/4,72.72055
2020/9/5,71.8529
2020/9/6,71.4729
2020/9/7,71.73128
2020/9/8,72.16657
2020/9/9,72.33614
2020/9/10,71.45172
2020/9/11,71.39122
2020/9/12,70.90037
2020/9/13,70.72601
2020/9/14,70.760635
2020/9/15,70.87537
2020/9/16,70.868546
2020/9/17,71.51178
2020/9/18,71.35518
2020/9/19,70.91137
2020/9/20,71.813354
2020/9/21,71.64962
2020/9/22,72.53786
2020/9/23,73.70233
2020/9/24,74.48914
2020/9/25,75.683304
2020/9/26,74.393845
2020/9/27,73.069534
2020/9/28,73.194046
2020/9/29,74.387314
2020/9/30,73.07914
2020/10/1,74.285736
2020/10/2,72.97717
2020/10/3,72.15845
2020/10/4,72.15307
2020/10/5,71.76884
2020/10/6,72.225395
2020/10/7,71.04605
2020/10/8,72.06263
2020/10/9,73.31664
2020/10/10,74.340485
2020/10/11,74.0531
2020/10/12,74.44997
2020/10/13,73.35428
2020/10/14,73.39736
2020/10/15,75.12068
2020/10/16,73.90848
2020/10/17,75.13588
2020/10/18,74.20031
2020/10/19,76.90719
2020/10/20,75.61702
2020/10/21,74.5662
2020/10/22,73.57524
2020/10/23,74.12141
2020/10/24,71.67027
2020/10/25,72.3456
2020/10/26,75.107956
2020/10/27,76.69194
2020/10/28,85.113045
2020/10/29,87.80824
2020/10/30,82.92349
2020/10/31,78.03864
2020/11/1,75.98286
2020/11/2,77.657265
2020/11/3,83.692055
2020/11/4,83.69623
2020/11/5,89.24336
2020/11/6,92.6998
2020/11/7,93.526794
2020/11/8,91.54385
2020/11/9,90.1548
2020/11/10,90.3454
2020/11/11,86.61186
2020/11/12,85.79601
2020/11/13,82.32679
2020/11/14,74.13764
2020/11/15,80.799446
2020/11/16,78.746666
2020/11/17,75.15244
2020/11/18,78.8152
2020/11/19,77.20399
2020/11/20,78.5083
2020/11/21,81.42519
2020/11/22,84.5273
2020/11/23,88.06307
2020/11/24,96.78931
2020/11/25,101.40637
2020/11/26,104.203476
2020/11/27,107.78457
2020/11/28,106.90972
2020/11/29,110.56286
2020/11/30,116.1284
2020/12/1,106.97476
2020/12/2,103.16127
2020/12/3,101.57587
2020/12/4,99.06565
2020/12/5,93.47812
2020/12/6,95.58342
2020/12/7,85.90381
2020/12/8,89.33469
2020/12/9,79.32834
2020/12/10,79.314476
2020/12/11,80.421295
2020/12/12,81.57455
2020/12/13,80.13478
2020/12/14,78.96764
2020/12/15,82.05208
2020/12/16,82.25029
2020/12/17,79.65463
2020/12/18,79.81666
2020/12/19,78.53679
2020/12/20,80.82795
2020/12/21,79.4155
2020/12/22,78.29673
2020/12/23,86.26255
2020/12/24,86.41379
2020/12/25,86.42064
2020/12/26,86.74669
2020/12/27,86.55884
2020/12/28,85.50847
2020/12/29,85.0737
2020/12/30,81.84108
,
